SKU,Machine brand,Machine model,Carrier machine tonnage,Breaker model,Synonyms,Breaker weight,Chisel dia,Pin Size ( MM ),Impact rate ( BPM ),Primary application,Other applications,notes,Stock available
SKU00213749,SANY,SY20,2-3 Ton,VJ20 HD,SB20,180,45,30,700-1200,Construction,Trenching,Ideal for small-midsize sites; compact excavators,Yes
SKU00213749,TATA HITACHI,TMX 20 Neo,2-3 Ton,VJ20 HD,SB20,180,45,30,700-1200,Construction,Trenching,,Yes
SKU00213749,SANY,SY18C T4F,2-3 Ton,VJ20 HD,SB20,180,45,30,700-1200,Construction,Trenching,,Yes
SKU00213749,CATERPILLAR,301.7,2-3 Ton,VJ20 HD,SB20,180,45,30,700-1200,Construction,Trenching,,Yes
SKU00213749,CATERPILLAR,301.7CR,2-3 Ton,VJ20 HD,SB20,180,45,30,700-1200,Construction,Trenching,,Yes
SKU00213749,SANY,SY16C T4F,2-3 Ton,VJ20 HD,SB20,180,45,30,700-1200,Construction,Trenching,,Yes
SKU00213749,SANY,SY18,2-3 Ton,VJ20 HD,SB20,180,45,30,700-1200,Construction,Trenching,,Yes
SKU00213749,SANY,SY16,2-3 Ton,VJ20 HD,SB20,180,45,30,700-1200,Construction,Trenching,,Yes
SKU00213749,JCB,JS300,2-3 Ton,VJ20 HD,SB20,180,45,30,700-1200,Construction,Trenching,,Yes
SKU00213750,L&T KOMATSU,PC35,3-5 Ton,VJ30 HD,SB30,200,53,40,600-1100,Construction,Trenching,General contractor jobs; utility work,Yes
SKU00213750,HYUNDAI,HX35ZA,3-5 Ton,VJ30 HD,SB30,200,53,40,600-1100,Construction,Trenching,,Yes
SKU00213750,HYUNDAI,R30,3-5 Ton,VJ30 HD,SB30,200,53,40,600-1100,Construction,Trenching,,Yes
SKU00213750,KOBELCO,SK30,3-5 Ton,VJ30 HD,SB30,200,53,40,600-1100,Construction,Trenching,,Yes
SKU00213750,KOBELCO,K-39,3-5 Ton,VJ30 HD,SB30,200,53,40,600-1100,Construction,Trenching,,Yes
SKU00213750,TATA HITACHI,VM30,3-5 Ton,VJ30 HD,SB30,200,53,40,600-1100,Construction,Trenching,,Yes
SKU00213750,JCB,JS35,3-5 Ton,VJ30 HD,SB30,200,53,40,600-1100,Construction,Trenching,,Yes
SKU00213750,KOBELCO,SK30SR-6,3-5 Ton,VJ30 HD,SB30,200,53,40,600-1100,Construction,Trenching,,Yes
SKU00213750,KOBELCO,SKSR30-6,3-5 Ton,VJ30 HD,SB30,200,53,40,600-1100,Construction,Trenching,,Yes
SKU00213750,SANY,SY27,3-5 Ton,VJ30 HD,SB30,200,53,40,600-1100,Construction,Trenching,,Yes
SKU00213750,BOBCAT,E27,3-5 Ton,VJ30 HD,SB30,200,53,40,600-1100,Construction,Trenching,,Yes
SKU00213750,CATERPILLAR,305 CR,3-5 Ton,VJ30 HD,SB30,200,53,40,600-1100,Construction,Trenching,,Yes
SKU00213750,CATERPILLAR,303E CR,3-5 Ton,VJ30 HD,SB30,200,53,40,600-1100,Construction,Trenching,,Yes
SKU00213750,CATERPILLAR,302.7CR,3-5 Ton,VJ30 HD,SB30,200,53,40,600-1100,Construction,Trenching,,Yes
SKU00213750,TATA HITACHI,ZAXIS 23U,3-5 Ton,VJ30 HD,SB30,200,53,40,600-1100,Construction,Trenching,,Yes
SKU00213750,CATERPILLAR,303.5 CR,3-5 Ton,VJ30 HD,SB30,200,53,40,600-1100,Construction,Trenching,,Yes
SKU00213750,SANY,SY26U T4F,3-5 Ton,VJ30 HD,SB30,200,53,40,600-1100,Construction,Trenching,,Yes
SKU00213750,SANY,SY26,3-5 Ton,VJ30 HD,SB30,200,53,40,600-1100,Construction,Trenching,,Yes
SKU00213750,CATERPILLAR,302,3-5 Ton,VJ30 HD,SB30,200,53,40,600-1100,Construction,Trenching,,Yes
SKU00213750,SANY,SY35,3-5 Ton,VJ30 HD,SB30,200,53,40,600-1100,Construction,Trenching,,Yes
SKU00213750,CATERPILLAR,302.7,3-5 Ton,VJ30 HD,SB30,200,53,40,600-1100,Construction,Trenching,,Yes
SKU00213750,KOBELCO,SK35SR,3-5 Ton,VJ30 HD,SB30,200,53,40,600-1100,Construction,Trenching,,Yes
SKU00213750,JCB,JS 30 PLUS,3-5 Ton,VJ30 HD,SB30,200,53,40,600-1100,Construction,Trenching,,Yes
SKU00213750,CATERPILLAR,303 CR,3-5 Ton,VJ30 HD,SB30,200,53,40,600-1100,Construction,Trenching,,Yes
SKU00213750,SANY,SY35U T4F,3-5 Ton,VJ30 HD,SB30,200,53,40,600-1100,Construction,Trenching,,Yes
SKU00213750,CATERPILLAR,303.5E2 CR,3-5 Ton,VJ30 HD,SB30,200,53,40,600-1100,Construction,Trenching,,Yes
SKU00213750,TATA HITACHI,ZX23,3-5 Ton,VJ30 HD,SB30,200,53,40,600-1100,Construction,Trenching,,Yes
SKU00213750,CATERPILLAR,302 CR,3-5 Ton,VJ30 HD,SB30,200,53,40,600-1100,Construction,Trenching,,Yes
SKU00213750,TATA HITACHI,ZAXIS 33U,3-5 Ton,VJ30 HD,SB30,200,53,40,600-1100,Construction,Trenching,,Yes
SKU00213750,JCB,JS30PLUS,3-5 Ton,VJ30 HD,SB30,200,53,40,600-1100,Construction,Trenching,,Yes
SKU00213750,JCB,JS30,3-5 Ton,VJ30 HD,SB30,200,53,40,600-1100,Construction,Trenching,,Yes
SKU00213750,JCB,1CX,3-5 Ton,VJ30 HD,SB30,200,53,40,600-1100,Construction,Trenching,,Yes
SKU00213744,L&T,491,5-6 Ton,VJ40 HD,SB40,375,68,45,450-700,Construction,Road/RCC,Good for thicker RCC & site prep,No
SKU00213744,BOBCAT,E60,5-6 Ton,VJ40 HD,SB40,375,68,45,450-700,Construction,Road/RCC,,No
SKU00213744,JCB,35D,5-6 Ton,VJ40 HD,SB40,375,68,45,450-700,Construction,Road/RCC,,No
SKU00213744,SANY,SY60C T4F,5-6 Ton,VJ40 HD,SB40,375,68,45,450-700,Construction,Road/RCC,,No
SKU00213744,JCB,JS50,5-6 Ton,VJ40 HD,SB40,375,68,45,450-700,Construction,Road/RCC,,No
SKU00213744,SANY,SY75C T4F,5-6 Ton,VJ40 HD,SB40,375,68,45,450-700,Construction,Road/RCC,,No
SKU00213744,SANY,SY55,5-6 Ton,VJ40 HD,SB40,375,68,45,450-700,Construction,Road/RCC,,No
SKU00213744,SANY,SY50,5-6 Ton,VJ40 HD,SB40,375,68,45,450-700,Construction,Road/RCC,,No
SKU00213744,JCB,JS55 Z,5-6 Ton,VJ40 HD,SB40,375,68,45,450-700,Construction,Road/RCC,,No
SKU00213744,SANY,SY50U T4F,5-6 Ton,VJ40 HD,SB40,375,68,45,450-700,Construction,Road/RCC,,No
SKU00213744,CATERPILLAR,306 CR,5-6 Ton,VJ40 HD,SB40,375,68,45,450-700,Construction,Road/RCC,,No
SKU00213744,JCB,JS51 R,5-6 Ton,VJ40 HD,SB40,375,68,45,450-700,Construction,Road/RCC,,No
SKU00213744,JCB,JS 50Z,5-6 Ton,VJ40 HD,SB40,375,68,45,450-700,Construction,Road/RCC,,No
SKU00213744,JCB,JS51,5-6 Ton,VJ40 HD,SB40,375,68,45,450-700,Construction,Road/RCC,,No
SKU00213744,JCB,JS55,5-6 Ton,VJ40 HD,SB40,375,68,45,450-700,Construction,Road/RCC,,No
SKU00213744,JCB,2DX,5-6 Ton,VJ40 HD,SB40,375,68,45,450-700,Construction,Road/RCC,,No
SKU00213744,JCB,2CX,5-6 Ton,VJ40 HD,SB40,375,68,45,450-700,Construction,Road/RCC,,No
SKU00213745,TATA HITACHI,NX80,7-10 Ton,VJ43 HD,SB43,430,75,45,400-650,Construction,Road/RCC,Bridge/site demolition & RCC,No
SKU00213745,HYUNDAI,HX85A,7-10 Ton,VJ43 HD,SB43,430,75,45,400-650,Construction,Road/RCC,,No
SKU00213745,HYUNDAI,R80,7-10 Ton,VJ43 HD,SB43,430,75,45,400-650,Construction,Road/RCC,,No
SKU00213745,L&T KOMATSU,PC81,7-10 Ton,VJ43 HD,SB43,430,75,45,400-650,Construction,Road/RCC,,No
SKU00213745,BOBCAT,E64,7-10 Ton,VJ43 HD,SB43,430,75,45,400-650,Construction,Road/RCC,,No
SKU00213745,KOMATSU,D65,7-10 Ton,VJ43 HD,SB43,430,75,45,400-650,Construction,Road/RCC,,No
SKU00213745,JCB,3DX ECO EXPERT,7-10 Ton,VJ43 HD,SB43,430,75,45,400-650,Construction,Road/RCC,,No
SKU00213745,LIUGONG,CLG921,7-10 Ton,VJ43 HD,SB43,430,75,45,400-650,Construction,Road/RCC,,No
SKU00213745,BOBCAT,E88,7-10 Ton,VJ43 HD,SB43,430,75,45,400-650,Construction,Road/RCC,,No
SKU00213745,HYUNDAI,R85,7-10 Ton,VJ43 HD,SB43,430,75,45,400-650,Construction,Road/RCC,,No
SKU00213745,CATERPILLAR,300.9,7-10 Ton,VJ43 HD,SB43,430,75,45,400-650,Construction,Road/RCC,,No
SKU00213745,CATERPILLAR,307.5,7-10 Ton,VJ43 HD,SB43,430,75,45,400-650,Construction,Road/RCC,,No
SKU00213745,SANY,SY60,7-10 Ton,VJ43 HD,SB43,430,75,45,400-650,Construction,Road/RCC,,No
SKU00213745,TATA HITACHI,EX 70 Prime,7-10 Ton,VJ43 HD,SB43,430,75,45,400-650,Construction,Road/RCC,,No
SKU00213745,CATERPILLAR,300.9D VPS,7-10 Ton,VJ43 HD,SB43,430,75,45,400-650,Construction,Road/RCC,,No
SKU00213745,SANY,SY80U,7-10 Ton,VJ43 HD,SB43,430,75,45,400-650,Construction,Road/RCC,,No
SKU00213745,TATA HITACHI,ZAXIS 80,7-10 Ton,VJ43 HD,SB43,430,75,45,400-650,Construction,Road/RCC,,No
SKU00213745,HYUNDAI,R85A SMART,7-10 Ton,VJ43 HD,SB43,430,75,45,400-650,Construction,Road/RCC,,No
SKU00213745,JCB,JS80,7-10 Ton,VJ43 HD,SB43,430,75,45,400-650,Construction,Road/RCC,,No
SKU00213745,JCB,JS140,7-10 Ton,VJ43 HD,SB43,430,75,45,400-650,Construction,Road/RCC,,No
SKU00213745,JCB,JS71,7-10 Ton,VJ43 HD,SB43,430,75,45,400-650,Construction,Road/RCC,,No
SKU00213745,JCB,JS130,7-10 Ton,VJ43 HD,SB43,430,75,45,400-650,Construction,Road/RCC,,No
SKU00213745,JCB,JS70,7-10 Ton,VJ43 HD,SB43,430,75,45,400-650,Construction,Road/RCC,,No
SKU00213745,JCB,JS-7S,7-10 Ton,VJ43 HD,SB43,430,75,45,400-650,Construction,Road/RCC,,No
SKU00213745,JCB,JS75,7-10 Ton,VJ43 HD,SB43,430,75,45,400-650,Construction,Road/RCC,,No
SKU00213745,JCB,JS81,7-10 Ton,VJ43 HD,SB43,430,75,45,400-650,Construction,Road/RCC,,No
SKU00213745,JCB,3DX ecoXcellence,7-10 Ton,VJ43 HD,SB43,430,75,45,400-650,Construction,Road/RCC,,No
SKU00213745,JCB,3CX PRO,7-10 Ton,VJ43 HD,SB43,430,75,45,400-650,Construction,Road/RCC,,No
SKU00213745,JCB,3CX PLUS,7-10 Ton,VJ43 HD,SB43,430,75,45,400-650,Construction,Road/RCC,,No
SKU00213745,JCB,3DX 2005,7-10 Ton,VJ43 HD,SB43,430,75,45,400-650,Construction,Road/RCC,,No
SKU00213745,JCB,3DX PLUS,7-10 Ton,VJ43 HD,SB43,430,75,45,400-650,Construction,Road/RCC,,No
SKU00213745,JCB,3DX 2003 NEW,7-10 Ton,VJ43 HD,SB43,430,75,45,400-650,Construction,Road/RCC,,No
SKU00213745,JCB,3DX SUPER,7-10 Ton,VJ43 HD,SB43,430,75,45,400-650,Construction,Road/RCC,,No
SKU00213745,JCB,3DX Super ecoXcellence,7-10 Ton,VJ43 HD,SB43,430,75,45,400-650,Construction,Road/RCC,,No
SKU00213745,JCB,4DX,7-10 Ton,VJ43 HD,SB43,430,75,45,400-650,Construction,Road/RCC,,No
SKU00213745,JCB,3DX 2013,7-10 Ton,VJ43 HD,SB43,430,75,45,400-650,Construction,Road/RCC,,No
SKU00213745,JCB,3DXL,7-10 Ton,VJ43 HD,SB43,430,75,45,400-650,Construction,Road/RCC,,No
SKU00213745,JCB,3DX 2010 NM,7-10 Ton,VJ43 HD,SB43,430,75,45,400-650,Construction,Road/RCC,,No
SKU00213745,JCB,3CX,7-10 Ton,VJ43 HD,SB43,430,75,45,400-650,Construction,Road/RCC,,No
SKU00213745,JCB,3DX 2008,7-10 Ton,VJ43 HD,SB43,430,75,45,400-650,Construction,Road/RCC,,No
SKU00213745,JCB,3DX 2012,7-10 Ton,VJ43 HD,SB43,430,75,45,400-650,Construction,Road/RCC,,No
SKU00213745,JCB,3D,7-10 Ton,VJ43 HD,SB43,430,75,45,400-650,Construction,Road/RCC,,No
SKU00213745,JCB,3DX 2011,7-10 Ton,VJ43 HD,SB43,430,75,45,400-650,Construction,Road/RCC,,No
SKU00213745,JCB,3DX Xtra ecoXcellence,7-10 Ton,VJ43 HD,SB43,430,75,45,400-650,Construction,Road/RCC,,No
SKU00213745,JCB,3DX 2016,7-10 Ton,VJ43 HD,SB43,430,75,45,400-650,Construction,Road/RCC,,No
SKU00213745,JCB,428C,7-10 Ton,VJ43 HD,SB43,430,75,45,400-650,Construction,Road/RCC,,No
SKU00213745,JCB,3DX BS3,7-10 Ton,VJ43 HD,SB43,430,75,45,400-650,Construction,Road/RCC,,No
SKU00213745,JCB,3DX,7-10 Ton,VJ43 HD,SB43,430,75,45,400-650,Construction,Road/RCC,,No
SKU00213745,JCB,3D NM,7-10 Ton,VJ43 HD,SB43,430,75,45,400-650,Construction,Road/RCC,,No
SKU00213745,JCB,3DX 2003,7-10 Ton,VJ43 HD,SB43,430,75,45,400-650,Construction,Road/RCC,,No
SKU00213745,JCB,4CX SUPER,7-10 Ton,VJ43 HD,SB43,430,75,45,400-650,Construction,Road/RCC,,No
SKU00213745,JCB,4DX ecoXcellence,7-10 Ton,VJ43 HD,SB43,430,75,45,400-650,Construction,Road/RCC,,No
SKU00213745,JCB,4CX,7-10 Ton,VJ43 HD,SB43,430,75,45,400-650,Construction,Road/RCC,,No
SKU00213745,JCB,3DX 2001,7-10 Ton,VJ43 HD,SB43,430,75,45,400-650,Construction,Road/RCC,,No
SKU00213745,JCB,3DX 2009 NM,7-10 Ton,VJ43 HD,SB43,430,75,45,400-650,Construction,Road/RCC,,No
SKU00213745,JCB,3DX 2015,7-10 Ton,VJ43 HD,SB43,430,75,45,400-650,Construction,Road/RCC,,No
SKU00213745,JCB,3DX( 2006-2008)WP,7-10 Ton,VJ43 HD,SB43,430,75,45,400-650,Construction,Road/RCC,,No
SKU00213745,JCB,3D XL-2006,7-10 Ton,VJ43 HD,SB43,430,75,45,400-650,Construction,Road/RCC,,No
SKU00213748,CATERPILLAR,311D,10-14 Ton,VJ50 HD,SB50,890,100,65,350-500,Demolition (heavy),Road/RCC,"Large structures, foundation/RCC",Yes
SKU00213748,KOBELCO,SK140 HDLC,10-14 Ton,VJ50 HD,SB50,890,100,65,350-500,Demolition (heavy),Road/RCC,,Yes
SKU00213748,KOBELCO,SK140 XDLC,10-14 Ton,VJ50 HD,SB50,890,100,65,350-500,Demolition (heavy),Road/RCC,,Yes
SKU00213748,TATA HITACHI,ZAXIS 130 SUPER,10-14 Ton,VJ50 HD,SB50,890,100,65,350-500,Demolition (heavy),Road/RCC,,Yes
SKU00213748,CASE,SR 150 B,10-14 Ton,VJ50 HD,SB50,890,100,65,350-500,Demolition (heavy),Road/RCC,,Yes
SKU00213748,CATERPILLAR,3516C,10-14 Ton,VJ50 HD,SB50,890,100,65,350-500,Demolition (heavy),Road/RCC,,Yes
SKU00213748,JCB,12.5TON,10-14 Ton,VJ50 HD,SB50,890,100,65,350-500,Demolition (heavy),Road/RCC,,Yes
SKU00213748,XCMG,XE 140I,10-14 Ton,VJ50 HD,SB50,890,100,65,350-500,Demolition (heavy),Road/RCC,,Yes
SKU00213748,TATA HITACHI,EX130 Super,10-14 Ton,VJ50 HD,SB50,890,100,65,350-500,Demolition (heavy),Road/RCC,,Yes
SKU00213748,XCMG,140,10-14 Ton,VJ50 HD,SB50,890,100,65,350-500,Demolition (heavy),Road/RCC,,Yes
SKU00213748,CATERPILLAR,120,10-14 Ton,VJ50 HD,SB50,890,100,65,350-500,Demolition (heavy),Road/RCC,,Yes
SKU00213748,LIUGONG,921DI,10-14 Ton,VJ50 HD,SB50,890,100,65,350-500,Demolition (heavy),Road/RCC,,Yes
SKU00213748,CATERPILLAR,313D2,10-14 Ton,VJ50 HD,SB50,890,100,65,350-500,Demolition (heavy),Road/RCC,,Yes
SKU00213748,VOLVO,EC140 DL,10-14 Ton,VJ50 HD,SB50,890,100,65,350-500,Demolition (heavy),Road/RCC,,Yes
SKU00213748,LIUGONG,926E HD,10-14 Ton,VJ50 HD,SB50,890,100,65,350-500,Demolition (heavy),Road/RCC,,Yes
SKU00213748,LIUGONG,922E DX,10-14 Ton,VJ50 HD,SB50,890,100,65,350-500,Demolition (heavy),Road/RCC,,Yes
SKU00213748,LINGONG,922E DX,10-14 Ton,VJ50 HD,SB50,890,100,65,350-500,Demolition (heavy),Road/RCC,,Yes
SKU00213748,XCMG,XE140,10-14 Ton,VJ50 HD,SB50,890,100,65,350-500,Demolition (heavy),Road/RCC,,Yes
SKU00213748,SANY,SY350LR,10-14 Ton,VJ50 HD,SB50,890,100,65,350-500,Demolition (heavy),Road/RCC,,Yes
SKU00213748,LIUGONG,939,10-14 Ton,VJ50 HD,SB50,890,100,65,350-500,Demolition (heavy),Road/RCC,,Yes
SKU00213748,TATA HITACHI,EX140,10-14 Ton,VJ50 HD,SB50,890,100,65,350-500,Demolition (heavy),Road/RCC,,Yes
SKU00213748,LIUGONG,Lingong150,10-14 Ton,VJ50 HD,SB50,890,100,65,350-500,Demolition (heavy),Road/RCC,,Yes
SKU00213748,BEML,BD155,10-14 Ton,VJ50 HD,SB50,890,100,65,350-500,Demolition (heavy),Road/RCC,,Yes
SKU00213748,BOBCAT,E165,10-14 Ton,VJ50 HD,SB50,890,100,65,350-500,Demolition (heavy),Road/RCC,,Yes
SKU00213748,BOBCAT,E145,10-14 Ton,VJ50 HD,SB50,890,100,65,350-500,Demolition (heavy),Road/RCC,,Yes
SKU00213748,LINGONG,CLG908,10-14 Ton,VJ50 HD,SB50,890,100,65,350-500,Demolition (heavy),Road/RCC,,Yes
SKU00213748,VOLVO,EC150,10-14 Ton,VJ50 HD,SB50,890,100,65,350-500,Demolition (heavy),Road/RCC,,Yes
SKU00213748,VOLVO,EC140B?RIME,10-14 Ton,VJ50 HD,SB50,890,100,65,350-500,Demolition (heavy),Road/RCC,,Yes
SKU00213748,LINGONG,CLG925C(88Z),10-14 Ton,VJ50 HD,SB50,890,100,65,350-500,Demolition (heavy),Road/RCC,,Yes
SKU00213748,LINGONG,CLG915,10-14 Ton,VJ50 HD,SB50,890,100,65,350-500,Demolition (heavy),Road/RCC,,Yes
SKU00213748,LINGONG,CLG906,10-14 Ton,VJ50 HD,SB50,890,100,65,350-500,Demolition (heavy),Road/RCC,,Yes
SKU00213748,LINGONG,CLG920D(95Z),10-14 Ton,VJ50 HD,SB50,890,100,65,350-500,Demolition (heavy),Road/RCC,,Yes
SKU00213748,LINGONG,CLG907,10-14 Ton,VJ50 HD,SB50,890,100,65,350-500,Demolition (heavy),Road/RCC,,Yes
SKU00213748,LINGONG,CLG915D,10-14 Ton,VJ50 HD,SB50,890,100,65,350-500,Demolition (heavy),Road/RCC,,Yes
SKU00213748,LINGONG,CLG922D(95Z),10-14 Ton,VJ50 HD,SB50,890,100,65,350-500,Demolition (heavy),Road/RCC,,Yes
SKU00213748,LINGONG,Lingong150,10-14 Ton,VJ50 HD,SB50,890,100,65,350-500,Demolition (heavy),Road/RCC,,Yes
SKU00213748,LINGONG,CLG925D(93Z),10-14 Ton,VJ50 HD,SB50,890,100,65,350-500,Demolition (heavy),Road/RCC,,Yes
SKU00213748,HYUNDAI,R130 SMART,10-14 Ton,VJ50 HD,SB50,890,100,65,350-500,Demolition (heavy),Road/RCC,,Yes
SKU00213748,SANY,SY95C T4F,10-14 Ton,VJ50 HD,SB50,890,100,65,350-500,Demolition (heavy),Road/RCC,,Yes
SKU00213748,JCB,JS NXT 245 HDLR,10-14 Ton,VJ50 HD,SB50,890,100,65,350-500,Demolition (heavy),Road/RCC,,Yes
SKU00213748,CATERPILLAR,313,10-14 Ton,VJ50 HD,SB50,890,100,65,350-500,Demolition (heavy),Road/RCC,,Yes
SKU00213748,VOLVO,EC120E,10-14 Ton,VJ50 HD,SB50,890,100,65,350-500,Demolition (heavy),Road/RCC,,Yes
SKU00213748,SANY,SY155H,10-14 Ton,VJ50 HD,SB50,890,100,65,350-500,Demolition (heavy),Road/RCC,,Yes
SKU00213748,CATERPILLAR,313D2L,10-14 Ton,VJ50 HD,SB50,890,100,65,350-500,Demolition (heavy),Road/RCC,,Yes
SKU00213748,SANY,SY155,10-14 Ton,VJ50 HD,SB50,890,100,65,350-500,Demolition (heavy),Road/RCC,,Yes
SKU00213748,JCB,JS NXT140,10-14 Ton,VJ50 HD,SB50,890,100,65,350-500,Demolition (heavy),Road/RCC,,Yes
SKU00213748,SANY,SY155W T4F,10-14 Ton,VJ50 HD,SB50,890,100,65,350-500,Demolition (heavy),Road/RCC,,Yes
SKU00213748,CATERPILLAR,313GC,10-14 Ton,VJ50 HD,SB50,890,100,65,350-500,Demolition (heavy),Road/RCC,,Yes
SKU00213748,CATERPILLAR,315GC,10-14 Ton,VJ50 HD,SB50,890,100,65,350-500,Demolition (heavy),Road/RCC,,Yes
SKU00213748,SANY,SY155U T4F,10-14 Ton,VJ50 HD,SB50,890,100,65,350-500,Demolition (heavy),Road/RCC,,Yes
SKU00213748,HYUNDAI,R245LR SMART PLUS,10-14 Ton,VJ50 HD,SB50,890,100,65,350-500,Demolition (heavy),Road/RCC,,Yes
SKU00213748,JCB,JS145,10-14 Ton,VJ50 HD,SB50,890,100,65,350-500,Demolition (heavy),Road/RCC,,Yes
SKU00213748,JCB,JS NXT 145 QUARRY MATER,10-14 Ton,VJ50 HD,SB50,890,100,65,350-500,Demolition (heavy),Road/RCC,,Yes
SKU00213748,JCB,JS NXT 150,10-14 Ton,VJ50 HD,SB50,890,100,65,350-500,Demolition (heavy),Road/RCC,,Yes
SKU00213748,KOBELCO,SK145XDLC,10-14 Ton,VJ50 HD,SB50,890,100,65,350-500,Demolition (heavy),Road/RCC,,Yes
SKU00213748,CATERPILLAR,317GC,10-14 Ton,VJ50 HD,SB50,890,100,65,350-500,Demolition (heavy),Road/RCC,,Yes
SKU00213748,TATA HITACHI,ZAXIS 140H,10-14 Ton,VJ50 HD,SB50,890,100,65,350-500,Demolition (heavy),Road/RCC,,Yes
SKU00213748,KOBELCO,SK145,10-14 Ton,VJ50 HD,SB50,890,100,65,350-500,Demolition (heavy),Road/RCC,,Yes
SKU00213748,KOBELCO,SK135SRL,10-14 Ton,VJ50 HD,SB50,890,100,65,350-500,Demolition (heavy),Road/RCC,,Yes
SKU00213748,DOOSAN,DX190W,10-14 Ton,VJ50 HD,SB50,890,100,65,350-500,Demolition (heavy),Road/RCC,,Yes
SKU00213748,JCB,JS110,10-14 Ton,VJ50 HD,SB50,890,100,65,350-500,Demolition (heavy),Road/RCC,,Yes
SKU00213748,JCB,JS160,10-14 Ton,VJ50 HD,SB50,890,100,65,350-500,Demolition (heavy),Road/RCC,,Yes
SKU00213748,JCB,JS140 SD,10-14 Ton,VJ50 HD,SB50,890,100,65,350-500,Demolition (heavy),Road/RCC,,Yes
SKU00213748,JCB,JS120,10-14 Ton,VJ50 HD,SB50,890,100,65,350-500,Demolition (heavy),Road/RCC,,Yes
SKU00213748,JCB,JS 130,10-14 Ton,VJ50 HD,SB50,890,100,65,350-500,Demolition (heavy),Road/RCC,,Yes
SKU00213748,JCB,JS150,10-14 Ton,VJ50 HD,SB50,890,100,65,350-500,Demolition (heavy),Road/RCC,,Yes
SKU00213748,JCB,JS145W,10-14 Ton,VJ50 HD,SB50,890,100,65,350-500,Demolition (heavy),Road/RCC,,Yes
SKU00213748,JCB,JS175,10-14 Ton,VJ50 HD,SB50,890,100,65,350-500,Demolition (heavy),Road/RCC,,Yes
SKU00213743,VOLVO,EC210DL,16-25 Ton,VJ81 HD,SB81,1850,140,80,350-600,Quarry,Crushers,High-energy urban/industrial demo,Yes
SKU00213743,XCMG,XE215I K LC,16-25 Ton,VJ81 HD,SB81,1850,140,80,350-600,Quarry,Crushers,,Yes
SKU00213743,L&T KOMATSU,PC300LC,16-25 Ton,VJ81 HD,SB81,1850,140,80,350-600,Quarry,Crushers,,Yes
SKU00213743,HYUNDAI,HX225SL,16-25 Ton,VJ81 HD,SB81,1850,140,80,350-600,Quarry,Crushers,,Yes
SKU00213743,HYUNDAI,HX220A,16-25 Ton,VJ81 HD,SB81,1850,140,80,350-600,Quarry,Crushers,,Yes
SKU00213743,TATA HITACHI,EX215LC-SLR,16-25 Ton,VJ81 HD,SB81,1850,140,80,350-600,Quarry,Crushers,,Yes
SKU00213743,SANY,SY240C-9HD,16-25 Ton,VJ81 HD,SB81,1850,140,80,350-600,Quarry,Crushers,,Yes
SKU00213743,VOLVO,EC210,16-25 Ton,VJ81 HD,SB81,1850,140,80,350-600,Quarry,Crushers,,Yes
SKU00213743,TATA HITACHI,EX 215 LC,16-25 Ton,VJ81 HD,SB81,1850,140,80,350-600,Quarry,Crushers,,Yes
SKU00213743,SANY,SY215C-9LC,16-25 Ton,VJ81 HD,SB81,1850,140,80,350-600,Quarry,Crushers,,Yes
SKU00213743,CASE,220,16-25 Ton,VJ81 HD,SB81,1850,140,80,350-600,Quarry,Crushers,,Yes
SKU00213743,CASE,220 C,16-25 Ton,VJ81 HD,SB81,1850,140,80,350-600,Quarry,Crushers,,Yes
SKU00213743,CASE,200 C,16-25 Ton,VJ81 HD,SB81,1850,140,80,350-600,Quarry,Crushers,,Yes
SKU00213743,XCMG,XE220C,16-25 Ton,VJ81 HD,SB81,1850,140,80,350-600,Quarry,Crushers,,Yes
SKU00213743,XCMG,XE250LC-K,16-25 Ton,VJ81 HD,SB81,1850,140,80,350-600,Quarry,Crushers,,Yes
SKU00213743,HYUNDAI,HX225 SL,16-25 Ton,VJ81 HD,SB81,1850,140,80,350-600,Quarry,Crushers,,Yes
SKU00213743,CATERPILLAR,320 E,16-25 Ton,VJ81 HD,SB81,1850,140,80,350-600,Quarry,Crushers,,Yes
SKU00213743,HYUNDAI,HW210,16-25 Ton,VJ81 HD,SB81,1850,140,80,350-600,Quarry,Crushers,,Yes
SKU00213743,TATA ZAXIS,EX200LC,16-25 Ton,VJ81 HD,SB81,1850,140,80,350-600,Quarry,Crushers,,Yes
SKU00213743,JCB,JS205SC,16-25 Ton,VJ81 HD,SB81,1850,140,80,350-600,Quarry,Crushers,,Yes
SKU00213743,CAT-GMMCO,21.7TON,16-25 Ton,VJ81 HD,SB81,1850,140,80,350-600,Quarry,Crushers,,Yes
SKU00213743,KOBELCO,20TON,16-25 Ton,VJ81 HD,SB81,1850,140,80,350-600,Quarry,Crushers,,Yes
SKU00213743,JCB,215,16-25 Ton,VJ81 HD,SB81,1850,140,80,350-600,Quarry,Crushers,,Yes
SKU00213743,HYUNDAI,R210L Smart Plus,16-25 Ton,VJ81 HD,SB81,1850,140,80,350-600,Quarry,Crushers,,Yes
SKU00213743,JCB,215LC,16-25 Ton,VJ81 HD,SB81,1850,140,80,350-600,Quarry,Crushers,,Yes
SKU00213743,CASE,220,16-25 Ton,VJ81 HD,SB81,1850,140,80,350-600,Quarry,Crushers,,Yes
SKU00213743,TATA ZAXIS,220,16-25 Ton,VJ81 HD,SB81,1850,140,80,350-600,Quarry,Crushers,,Yes
SKU00213743,KOMATSU,PC210LC-10M0,16-25 Ton,VJ81 HD,SB81,1850,140,80,350-600,Quarry,Crushers,,Yes
SKU00213743,JCB,JS245 HDLR,16-25 Ton,VJ81 HD,SB81,1850,140,80,350-600,Quarry,Crushers,,Yes
SKU00213743,KOMATSU,PC210LC-10MO,16-25 Ton,VJ81 HD,SB81,1850,140,80,350-600,Quarry,Crushers,,Yes
SKU00213743,TATA HITACHI,ZAXIS 220LC GI,16-25 Ton,VJ81 HD,SB81,1850,140,80,350-600,Quarry,Crushers,,Yes
SKU00213743,TATA HITACHI,ZX220LC-M,16-25 Ton,VJ81 HD,SB81,1850,140,80,350-600,Quarry,Crushers,,Yes
SKU00213743,KOMATSU,PC210LC-10,16-25 Ton,VJ81 HD,SB81,1850,140,80,350-600,Quarry,Crushers,,Yes
SKU00213743,KOMATSU,PC205,16-25 Ton,VJ81 HD,SB81,1850,140,80,350-600,Quarry,Crushers,,Yes
SKU00213743,TATA HITACHI,ZX220LC-GI,16-25 Ton,VJ81 HD,SB81,1850,140,80,350-600,Quarry,Crushers,,Yes
SKU00213743,KOMATSU,PC210-8MO,16-25 Ton,VJ81 HD,SB81,1850,140,80,350-600,Quarry,Crushers,,Yes
SKU00213743,KOMATSU,PC210LC-8MO,16-25 Ton,VJ81 HD,SB81,1850,140,80,350-600,Quarry,Crushers,,Yes
SKU00213743,JCB,JS215LC,16-25 Ton,VJ81 HD,SB81,1850,140,80,350-600,Quarry,Crushers,,Yes
SKU00213743,XCMG,210,16-25 Ton,VJ81 HD,SB81,1850,140,80,350-600,Quarry,Crushers,,Yes
SKU00213743,SANY,SY230,16-25 Ton,VJ81 HD,SB81,1850,140,80,350-600,Quarry,Crushers,,Yes
SKU00213743,HYUNDAI,R215L,16-25 Ton,VJ81 HD,SB81,1850,140,80,350-600,Quarry,Crushers,,Yes
SKU00213743,HYUNDAI,R215LC-7,16-25 Ton,VJ81 HD,SB81,1850,140,80,350-600,Quarry,Crushers,,Yes
SKU00213743,KOBELCO,SK220XDLC-10,16-25 Ton,VJ81 HD,SB81,1850,140,80,350-600,Quarry,Crushers,,Yes
SKU00213743,XCMG,XE210I,16-25 Ton,VJ81 HD,SB81,1850,140,80,350-600,Quarry,Crushers,,Yes
SKU00213743,SANY,SY225C-10HD,16-25 Ton,VJ81 HD,SB81,1850,140,80,350-600,Quarry,Crushers,,Yes
SKU00213743,XCMG,XE210L,16-25 Ton,VJ81 HD,SB81,1850,140,80,350-600,Quarry,Crushers,,Yes
SKU00213743,XCMG,XE210L,16-25 Ton,VJ81 HD,SB81,1850,140,80,350-600,Quarry,Crushers,,Yes
SKU00213743,JCB,JS220LC,16-25 Ton,VJ81 HD,SB81,1850,140,80,350-600,Quarry,Crushers,,Yes
SKU00213743,TATA HITACHI,EX210 SUPER PLUS,16-25 Ton,VJ81 HD,SB81,1850,140,80,350-600,Quarry,Crushers,,Yes
SKU00213743,TATA HITACHI,EX200 SUPER PLUS,16-25 Ton,VJ81 HD,SB81,1850,140,80,350-600,Quarry,Crushers,,Yes
SKU00213743,DOOSAN,DX225LC,16-25 Ton,VJ81 HD,SB81,1850,140,80,350-600,Quarry,Crushers,,Yes
SKU00213743,KOBELCO,SK210 HDLC,16-25 Ton,VJ81 HD,SB81,1850,140,80,350-600,Quarry,Crushers,,Yes
SKU00213743,HYUNDAI,R220L,16-25 Ton,VJ81 HD,SB81,1850,140,80,350-600,Quarry,Crushers,,Yes
SKU00213743,KOMATSU,PC210-10MO,16-25 Ton,VJ81 HD,SB81,1850,140,80,350-600,Quarry,Crushers,,Yes
SKU00213743,XCMG,XE230,16-25 Ton,VJ81 HD,SB81,1850,140,80,350-600,Quarry,Crushers,,Yes
SKU00213743,CATERPILLAR,323GC,16-25 Ton,VJ81 HD,SB81,1850,140,80,350-600,Quarry,Crushers,,Yes
SKU00213743,DOOSAN,DX-225LCB,16-25 Ton,VJ81 HD,SB81,1850,140,80,350-600,Quarry,Crushers,,Yes
SKU00213743,L&T KOMATSU,PC-210-10MO,16-25 Ton,VJ81 HD,SB81,1850,140,80,350-600,Quarry,Crushers,,Yes
SKU00213743,JCB,JS225LC,16-25 Ton,VJ81 HD,SB81,1850,140,80,350-600,Quarry,Crushers,,Yes
SKU00213743,HYUNDAI,R230,16-25 Ton,VJ81 HD,SB81,1850,140,80,350-600,Quarry,Crushers,,Yes
SKU00213743,HYUNDAI,R240,16-25 Ton,VJ81 HD,SB81,1850,140,80,350-600,Quarry,Crushers,,Yes
SKU00213743,L&T KOMATSU,PC230,16-25 Ton,VJ81 HD,SB81,1850,140,80,350-600,Quarry,Crushers,,Yes
SKU00213743,VOLVO,EC220,16-25 Ton,VJ81 HD,SB81,1850,140,80,350-600,Quarry,Crushers,,Yes
SKU00213743,LIUGONG,240,16-25 Ton,VJ81 HD,SB81,1850,140,80,350-600,Quarry,Crushers,,Yes
SKU00213743,CASE,220,16-25 Ton,VJ81 HD,SB81,1850,140,80,350-600,Quarry,Crushers,,Yes
SKU00213743,LIUGONG,220,16-25 Ton,VJ81 HD,SB81,1850,140,80,350-600,Quarry,Crushers,,Yes
SKU00213743,VOLVO,EC210DBLC Prime,16-25 Ton,VJ81 HD,SB81,1850,140,80,350-600,Quarry,Crushers,,Yes
SKU00213743,VOLVO,EC210DPrime,16-25 Ton,VJ81 HD,SB81,1850,140,80,350-600,Quarry,Crushers,,Yes
SKU00213743,VOLVO,EC210D Prime,16-25 Ton,VJ81 HD,SB81,1850,140,80,350-600,Quarry,Crushers,,Yes
SKU00213743,XCMG,XE230C,16-25 Ton,VJ81 HD,SB81,1850,140,80,350-600,Quarry,Crushers,,Yes
SKU00213743,KOBELCO,SK210HDLC-8,16-25 Ton,VJ81 HD,SB81,1850,140,80,350-600,Quarry,Crushers,,Yes
SKU00213743,VOLVO,EC210D BLC PRIME,16-25 Ton,VJ81 HD,SB81,1850,140,80,350-600,Quarry,Crushers,,Yes
SKU00213743,KOMATSU,PC210LC-8,16-25 Ton,VJ81 HD,SB81,1850,140,80,350-600,Quarry,Crushers,,Yes
SKU00213743,L&T KOMATSU,PC210LC-8,16-25 Ton,VJ81 HD,SB81,1850,140,80,350-600,Quarry,Crushers,,Yes
SKU00213743,TATA HITACHI,EX200LC Super Plus,16-25 Ton,VJ81 HD,SB81,1850,140,80,350-600,Quarry,Crushers,,Yes
SKU00213743,L&T KOMATSU,PC200,16-25 Ton,VJ81 HD,SB81,1850,140,80,350-600,Quarry,Crushers,,Yes
SKU00213743,TATA HITACHI,ZX215,16-25 Ton,VJ81 HD,SB81,1850,140,80,350-600,Quarry,Crushers,,Yes
SKU00213743,TATA HITACHI,EX200 Super,16-25 Ton,VJ81 HD,SB81,1850,140,80,350-600,Quarry,Crushers,,Yes
SKU00213743,CATERPILLAR,CAT320C,16-25 Ton,VJ81 HD,SB81,1850,140,80,350-600,Quarry,Crushers,,Yes
SKU00213743,DOOSAN,DX225NLCA,16-25 Ton,VJ81 HD,SB81,1850,140,80,350-600,Quarry,Crushers,,Yes
SKU00213743,LINGONG,CLG205C(91Z),16-25 Ton,VJ81 HD,SB81,1850,140,80,350-600,Quarry,Crushers,,Yes
SKU00213743,LINGONG,CLG225C91Z),16-25 Ton,VJ81 HD,SB81,1850,140,80,350-600,Quarry,Crushers,,Yes
SKU00213743,LINGONG,CLG225(91Z),16-25 Ton,VJ81 HD,SB81,1850,140,80,350-600,Quarry,Crushers,,Yes
SKU00213743,LINGONG,CLG220LC(91Z),16-25 Ton,VJ81 HD,SB81,1850,140,80,350-600,Quarry,Crushers,,Yes
SKU00213743,LINGONG,CLG200(86Z),16-25 Ton,VJ81 HD,SB81,1850,140,80,350-600,Quarry,Crushers,,Yes
SKU00213743,LINGONG,CLG200-3(86Z),16-25 Ton,VJ81 HD,SB81,1850,140,80,350-600,Quarry,Crushers,,Yes
SKU00213743,SANY,SY215ACE,16-25 Ton,VJ81 HD,SB81,1850,140,80,350-600,Quarry,Crushers,,Yes
SKU00213743,SANY,SY225C LC,16-25 Ton,VJ81 HD,SB81,1850,140,80,350-600,Quarry,Crushers,,Yes
SKU00213743,KOBELCO,SK221,16-25 Ton,VJ81 HD,SB81,1850,140,80,350-600,Quarry,Crushers,,Yes
SKU00213743,CATERPILLAR,320D3,16-25 Ton,VJ81 HD,SB81,1850,140,80,350-600,Quarry,Crushers,,Yes
SKU00213743,TATA HITACHI,EX215,16-25 Ton,VJ81 HD,SB81,1850,140,80,350-600,Quarry,Crushers,,Yes
SKU00213743,SANY,SY240,16-25 Ton,VJ81 HD,SB81,1850,140,80,350-600,Quarry,Crushers,,Yes
SKU00213743,HYUNDAI,R210 SMART PLUS,16-25 Ton,VJ81 HD,SB81,1850,140,80,350-600,Quarry,Crushers,,Yes
SKU00213743,JCB,JS NXT 215 LC,16-25 Ton,VJ81 HD,SB81,1850,140,80,350-600,Quarry,Crushers,,Yes
SKU00213743,TATA HITACHI,ZAXIS 220LC,16-25 Ton,VJ81 HD,SB81,1850,140,80,350-600,Quarry,Crushers,,Yes
SKU00213743,JCB,JS225,16-25 Ton,VJ81 HD,SB81,1850,140,80,350-600,Quarry,Crushers,,Yes
SKU00213743,CATERPILLAR,323,16-25 Ton,VJ81 HD,SB81,1850,140,80,350-600,Quarry,Crushers,,Yes
SKU00213743,SANY,SY265C LC,16-25 Ton,VJ81 HD,SB81,1850,140,80,350-600,Quarry,Crushers,,Yes
SKU00213743,SANY,SY215C LC,16-25 Ton,VJ81 HD,SB81,1850,140,80,350-600,Quarry,Crushers,,Yes
SKU00213743,HYUNDAI,R215 SMART PLUS,16-25 Ton,VJ81 HD,SB81,1850,140,80,350-600,Quarry,Crushers,,Yes
SKU00213743,KOMATSU,PC210LC-MO,16-25 Ton,VJ81 HD,SB81,1850,140,80,350-600,Quarry,Crushers,,Yes
SKU00213743,L&T KOMATSU,PC210LC-MO,16-25 Ton,VJ81 HD,SB81,1850,140,80,350-600,Quarry,Crushers,,Yes
SKU00213743,VOLVO,EC250,16-25 Ton,VJ81 HD,SB81,1850,140,80,350-600,Quarry,Crushers,,Yes
SKU00213743,CATERPILLAR,320GC,16-25 Ton,VJ81 HD,SB81,1850,140,80,350-600,Quarry,Crushers,,Yes
SKU00213743,TATA HITACHI,EX 200LC,16-25 Ton,VJ81 HD,SB81,1850,140,80,350-600,Quarry,Crushers,,Yes
SKU00213743,SANY,SY265,16-25 Ton,VJ81 HD,SB81,1850,140,80,350-600,Quarry,Crushers,,Yes
SKU00213743,JCB,JS 205,16-25 Ton,VJ81 HD,SB81,1850,140,80,350-600,Quarry,Crushers,,Yes
SKU00213743,KOMATSU,PC210-MO,16-25 Ton,VJ81 HD,SB81,1850,140,80,350-600,Quarry,Crushers,,Yes
SKU00213743,L&T KOMATSU,PC210-MO,16-25 Ton,VJ81 HD,SB81,1850,140,80,350-600,Quarry,Crushers,,Yes
SKU00213743,JCB,JS NXT 205,16-25 Ton,VJ81 HD,SB81,1850,140,80,350-600,Quarry,Crushers,,Yes
SKU00213743,CATERPILLAR,320D3 GC,16-25 Ton,VJ81 HD,SB81,1850,140,80,350-600,Quarry,Crushers,,Yes
SKU00213743,JCB,JS225LC ECO PLUS,16-25 Ton,VJ81 HD,SB81,1850,140,80,350-600,Quarry,Crushers,,Yes
SKU00213743,JCB,JS245,16-25 Ton,VJ81 HD,SB81,1850,140,80,350-600,Quarry,Crushers,,Yes
SKU00213743,KOBELCO,SK220XD/XDLC,16-25 Ton,VJ81 HD,SB81,1850,140,80,350-600,Quarry,Crushers,,Yes
SKU00213743,TATA HITACHI,EX 210LC,16-25 Ton,VJ81 HD,SB81,1850,140,80,350-600,Quarry,Crushers,,Yes
SKU00213743,CATERPILLAR,326,16-25 Ton,VJ81 HD,SB81,1850,140,80,350-600,Quarry,Crushers,,Yes
SKU00213743,TATA HITACHI,EX 215LC-SLR,16-25 Ton,VJ81 HD,SB81,1850,140,80,350-600,Quarry,Crushers,,Yes
SKU00213743,SANY,SY245,16-25 Ton,VJ81 HD,SB81,1850,140,80,350-600,Quarry,Crushers,,Yes
SKU00213743,VOLVO,EC200D,16-25 Ton,VJ81 HD,SB81,1850,140,80,350-600,Quarry,Crushers,,Yes
SKU00213743,SANY,SY225,16-25 Ton,VJ81 HD,SB81,1850,140,80,350-600,Quarry,Crushers,,Yes
SKU00213743,CATERPILLAR,323D3,16-25 Ton,VJ81 HD,SB81,1850,140,80,350-600,Quarry,Crushers,,Yes
SKU00213743,TATA HITACHI,EX 215 LCQ,16-25 Ton,VJ81 HD,SB81,1850,140,80,350-600,Quarry,Crushers,,Yes
SKU00213743,SANY,SY220C-9,16-25 Ton,VJ81 HD,SB81,1850,140,80,350-600,Quarry,Crushers,,Yes
SKU00213743,VOLVO,210BLC,16-25 Ton,VJ81 HD,SB81,1850,140,80,350-600,Quarry,Crushers,,Yes
SKU00213743,SANY,SY210C-9,16-25 Ton,VJ81 HD,SB81,1850,140,80,350-600,Quarry,Crushers,,Yes
SKU00213743,DOOSAN,DX180LC,16-25 Ton,VJ81 HD,SB81,1850,140,80,350-600,Quarry,Crushers,,Yes
SKU00213743,KOBELCO,SK220LC IV STD,16-25 Ton,VJ81 HD,SB81,1850,140,80,350-600,Quarry,Crushers,,Yes
SKU00213743,DOOSAN,DX210WA,16-25 Ton,VJ81 HD,SB81,1850,140,80,350-600,Quarry,Crushers,,Yes
SKU00213743,KOBELCO,SK250LC ACERA,16-25 Ton,VJ81 HD,SB81,1850,140,80,350-600,Quarry,Crushers,,Yes
SKU00213743,DOOSAN,DX225NLC,16-25 Ton,VJ81 HD,SB81,1850,140,80,350-600,Quarry,Crushers,,Yes
SKU00213743,JCB,JC200,16-25 Ton,VJ81 HD,SB81,1850,140,80,350-600,Quarry,Crushers,,Yes
SKU00213743,JCB,JS210,16-25 Ton,VJ81 HD,SB81,1850,140,80,350-600,Quarry,Crushers,,Yes
SKU00213743,JCB,JS220,16-25 Ton,VJ81 HD,SB81,1850,140,80,350-600,Quarry,Crushers,,Yes
SKU00213743,JCB,JS240,16-25 Ton,VJ81 HD,SB81,1850,140,80,350-600,Quarry,Crushers,,Yes
SKU00213743,JCB,215,16-25 Ton,VJ81 HD,SB81,1850,140,80,350-600,Quarry,Crushers,,Yes
SKU00213743,JCB,JS205LC,16-25 Ton,VJ81 HD,SB81,1850,140,80,350-600,Quarry,Crushers,,Yes
SKU00213743,JCB,JS215,16-25 Ton,VJ81 HD,SB81,1850,140,80,350-600,Quarry,Crushers,,Yes
SKU00213743,JCB,JS190,16-25 Ton,VJ81 HD,SB81,1850,140,80,350-600,Quarry,Crushers,,Yes
SKU00213743,JCB,JS180,16-25 Ton,VJ81 HD,SB81,1850,140,80,350-600,Quarry,Crushers,,Yes
SKU00213743,JCB,160W,16-25 Ton,VJ81 HD,SB81,1850,140,80,350-600,Quarry,Crushers,,Yes
SKU00213743,JCB,JS220LC Xtra,16-25 Ton,VJ81 HD,SB81,1850,140,80,350-600,Quarry,Crushers,,Yes
SKU00213743,JCB,JS200,16-25 Ton,VJ81 HD,SB81,1850,140,80,350-600,Quarry,Crushers,,Yes
SKU00213743,JCB,JS205,16-25 Ton,VJ81 HD,SB81,1850,140,80,350-600,Quarry,Crushers,,Yes
SKU00213743,JCB,JS 200,16-25 Ton,VJ81 HD,SB81,1850,140,80,350-600,Quarry,Crushers,,Yes
SKU00284267,JCB,385LC,25-35 Ton,VJ121 HD,SB121,2480,155,90,300-400,Quarry,,,
SKU00284267,CATERPILLAR,336DLME,25-35 Ton,VJ131,SB131,2480,155,100,280-370,Quarry,,,
SKU00284267,VOLVO,EC300 DL,25-35 Ton,VJ121,SB121,2480,155,90,300-400,Quarry,,,
SKU00284267,KOMATSU,PC300LC,25-35 Ton,VJ121,SB121,2480,155,90,300-400,Quarry,,,
SKU00284267,KOMATSU,PC300LC,25-35 Ton,VJ121,SB121,2480,155,90,300-400,Quarry,,,
SKU00284267,HYUNDAI,HX 300,25-35 Ton,VJ121,SB121,2480,155,90,300-400,Quarry,,,
SKU00284267,KOMATSU,PC350 LC-7,25-35 Ton,VJ121,SB121,2480,155,90,300-400,Quarry,,,
SKU00284267,JCB,JS 345,25-35 Ton,VJ121,SB121,2480,155,90,300-400,Quarry,,,
SKU00284267,JCB,345LC,25-35 Ton,VJ121,SB121,2480,155,90,300-400,Quarry,,,
SKU00284267,KOMATSU,30TON,25-35 Ton,VJ121,SB121,2480,155,90,300-400,Quarry,,,
SKU00284267,L&T KOMASTU,300,25-35 Ton,VJ121,SB121,2480,155,90,300-400,Quarry,,,
SKU00284267,L&T KOMASTU,300,25-35 Ton,VJ121,SB121,2480,155,90,300-400,Quarry,,,
SKU00284267,L&T KOMASTU,300,25-35 Ton,VJ121,SB121,2480,155,90,300-400,Quarry,,,
SKU00284267,KOMATSU,PC-300LC-18,25-35 Ton,VJ121,SB121,2480,155,90,300-400,Quarry,,,
SKU00284267,SANY,SY350,25-35 Ton,VJ121,SB121,2480,155,90,300-400,Quarry,,,
SKU00284267,JCB,315LC,25-35 Ton,VJ121,SB121,2480,155,90,300-400,Quarry,,,
SKU00284267,JCB,345LC HD,25-35 Ton,VJ121,SB121,2480,155,90,300-400,Quarry,,,
SKU00284267,HYUNDAI,R340L,25-35 Ton,VJ121,SB121,2480,155,90,300-400,Quarry,,,
SKU00284267,CATERPILLAR,CAT330,25-35 Ton,VJ121,SB121,2480,155,90,300-400,Quarry,,,
SKU00284267,VOLVO,EC300DL,25-35 Ton,VJ121,SB121,2480,155,90,300-400,Quarry,,,
SKU00284267,CATERPILLAR,352FXE,25-35 Ton,VJ121,SB121,2480,155,90,300-400,Quarry,,,
SKU00284267,SANY,350 LC -9H,25-35 Ton,VJ121,SB121,2480,155,90,300-400,Quarry,,,
SKU00284267,SANY,350 LC -9H,25-35 Ton,VJ121,SB121,2480,155,90,300-400,Quarry,,,
SKU00284267,CATERPILLAR,CAT320 D2,25-35 Ton,VJ121,SB121,2480,155,90,300-400,Quarry,,,
SKU00284267,L&T KOMATSU,CK300,25-35 Ton,VJ121,SB121,2480,155,90,300-400,Quarry,,,
SKU00284267,CATERPILLAR,336,25-35 Ton,VJ121,SB121,2480,155,90,300-400,Quarry,,,
SKU00284267,VOLVO,EC320,25-35 Ton,VJ121,SB121,2480,155,90,300-400,Quarry,,,
SKU00284267,LIUGONG,CLG835,25-35 Ton,VJ121,SB121,2480,155,90,300-400,Quarry,,,
SKU00284267,SANY,SY350C9,25-35 Ton,VJ121,SB121,2480,155,90,300-400,Quarry,,,
SKU00284267,LIUGONG,Lingong300,25-35 Ton,VJ121,SB121,2480,155,90,300-400,Quarry,,,
SKU00284267,JCB,JS350,25-35 Ton,VJ121,SB121,2480,155,90,300-400,Quarry,,,
SKU00284267,VOLVO,EC290B?RIME,25-35 Ton,VJ121,SB121,2480,155,90,300-400,Quarry,,,
SKU00284267,LINGONG,Lingong300,25-35 Ton,VJ121,SB121,2480,155,90,300-400,Quarry,,,
SKU00284267,LINGONG,CLG936LC,25-35 Ton,VJ121,SB121,2480,155,90,300-400,Quarry,,,
SKU00284267,SANY,SY365C?T4f?,25-35 Ton,VJ121,SB121,2480,155,90,300-400,Quarry,,,
SKU00284267,CATERPILLAR,345GC,25-35 Ton,VJ121,SB121,2480,155,90,300-400,Quarry,,,
SKU00284267,CATERPILLAR,335,25-35 Ton,VJ121,SB121,2480,155,90,300-400,Quarry,,,
SKU00284267,TATA HITACHI,TL340H,25-35 Ton,VJ121,SB121,2480,155,90,300-400,Quarry,,,
SKU00284267,SANY,SY305C LC,25-35 Ton,VJ121,SB121,2480,155,90,300-400,Quarry,,,
SKU00284267,SANY,SY375H,25-35 Ton,VJ121,SB121,2480,155,90,300-400,Quarry,,,
SKU00284267,KOMATSU,PC350LC-8M0,25-35 Ton,VJ121,SB121,2480,155,90,300-400,Quarry,,,
SKU00284267,L&T KOMATSU,PC350LC-8M0,25-35 Ton,VJ121,SB121,2480,155,90,300-400,Quarry,,,
SKU00284267,JCB,JS 380LC QUARRY,25-35 Ton,VJ121,SB121,2480,155,90,300-400,Quarry,,,
SKU00284267,VOLVO,EC350,25-35 Ton,VJ131,SB131,2480,155,100,280-370,Quarry,,,
SKU00284267,CATERPILLAR,3113,25-35 Ton,VJ121,SB121,2480,155,90,300-400,Quarry,,,
SKU00284267,TATA HITACHI,ZAXIS 370LCH,25-35 Ton,VJ121,SB121,2480,155,90,300-400,Quarry,,,
SKU00284267,CATERPILLAR,330GC,25-35 Ton,VJ121,SB121,2480,155,90,300-400,Quarry,,,
SKU00284267,SANY,SY375,25-35 Ton,VJ121,SB121,2480,155,90,300-400,Quarry,,,
SKU00284267,KOMATSU,PC300LC-8M0,25-35 Ton,VJ121,SB121,2480,155,90,300-400,Quarry,,,
SKU00284267,L&T KOMATSU,PC300LC-8M0,25-35 Ton,VJ121,SB121,2480,155,90,300-400,Quarry,,,
SKU00284267,SANY,SY335C,25-35 Ton,VJ121,SB121,2480,155,90,300-400,Quarry,,,
SKU00284267,JCB,JS380LC XTRA,25-35 Ton,VJ121,SB121,2480,155,90,300-400,Quarry,,,
SKU00284267,KOBELCO,SK290LC ACERA,25-35 Ton,VJ121,SB121,2480,155,90,300-400,Quarry,,,
SKU00284267,JCB,JS 330,25-35 Ton,VJ121,SB121,2480,155,90,300-400,Quarry,,,
SKU00284267,JCB,JS260,25-35 Ton,VJ121,SB121,2480,155,90,300-400,Quarry,,,
SKU00284267,JCB,JS330,25-35 Ton,VJ121,SB121,2480,155,90,300-400,Quarry,,,
SKU00284267,JCB,JS305,25-35 Ton,VJ121,SB121,2480,155,90,300-400,Quarry,,,
SKU00284267,JCB,J350,25-35 Ton,VJ121,SB121,2480,155,90,300-400,Quarry,,,
SKU00284267,JCB,JS305LC,25-35 Ton,VJ121,SB121,2480,155,90,300-400,Quarry,,,
SKU00284268,,,25-35 Ton,VJ121,SB121,2480,155,90,300-400,Quarry,,,
SKU00334020,JCB,385LC,30-45 Ton,VJ131 HD+,SB131,3100,165,100,280-370,Quarry,Large-scale demolition,Large excavators; primary breaking in hard rock,No
SKU00334020,CATERPILLAR,336DLME,30-45 Ton,VJ131 HD+,SB131,3100,165,100,280-370,,,,
SKU00334020,KOBELCO,SK380 XDLC-10,30-45 Ton,VJ131 HD+,SB131,3100,165,100,280-370,,,,
SKU00334020,VOLVO,EC480DL,30-45 Ton,VJ131 HD+,SB131,3100,165,100,280-370,,,,
SKU00334020,CATERPILLAR,349D,30-45 Ton,VJ131 HD+,SB131,3100,165,100,280-370,,,,
SKU00334020,KOBELCO,SK520XDLC,30-45 Ton,VJ131 HD+,SB131,3100,165,100,280-370,,,,
SKU00334020,HYUNDAI,HX 500,30-45 Ton,VJ131 HD+,SB131,3100,165,100,280-370,,,,
SKU00334020,CATERPILLAR,336 GC,30-45 Ton,VJ131 HD+,SB131,3100,165,100,280-370,,,,
SKU00334020,KOMATSU,PC 450 LC,30-45 Ton,VJ131 HD+,SB131,3100,165,100,280-370,,,,
SKU00334020,HYUNDAI,R510 LC-7,30-45 Ton,VJ131 HD+,SB131,3100,165,100,280-370,,,,
SKU00334020,SANY,SY500HD,30-45 Ton,VJ131 HD+,SB131,3100,165,100,280-370,,,,
SKU00334020,L&T KOMASTU,PC380,30-45 Ton,VJ131 HD+,SB131,3100,165,100,280-370,,,,
SKU00334020,L&T KOMASTU,PC380,30-45 Ton,VJ131 HD+,SB131,3100,165,100,280-370,,,,
SKU00334020,TATA ZAXIS,ZAXIS 370 LCH,30-45 Ton,VJ131 HD+,SB131,3100,165,100,280-370,,,,
SKU00334020,KOBELCO,SK520HD,30-45 Ton,VJ131 HD+,SB131,3100,165,100,280-370,,,,
SKU00334020,KOMATSU,PC400-8R,30-45 Ton,VJ131 HD+,SB131,3100,165,100,280-370,,,,
SKU00334020,SANY,SY350 LC-9H,30-45 Ton,VJ131 HD+,SB131,3100,165,100,280-370,,,,
SKU00334020,KOBELCO,SK 380HDLC-8,30-45 Ton,VJ131 HD+,SB131,3100,165,100,280-370,,,,
SKU00334020,CATERPILLAR,CAT 349D2L,30-45 Ton,VJ131 HD+,SB131,3100,165,100,280-370,,,,
SKU00334020,KOMATSU,PC450LC-7,30-45 Ton,VJ131 HD+,SB131,3100,165,100,280-370,,,,
SKU00334020,TATA HITACHI,ZAXIS 400MTH,30-45 Ton,VJ131 HD+,SB131,3100,165,100,280-370,,,,
SKU00334020,KOBELCO,SK 380HDLC,30-45 Ton,VJ131 HD+,SB131,3100,165,100,280-370,,,,
SKU00334020,TATA HITACHI,zx370LCH-GI,30-45 Ton,VJ131 HD+,SB131,3100,165,100,280-370,,,,
SKU00334020,TATA HITACHI,ZX370LCH-GI,30-45 Ton,VJ131 HD+,SB131,3100,165,100,280-370,,,,
SKU00334020,HYUNDAI,HX380,30-45 Ton,VJ131 HD+,SB131,3100,165,100,280-370,,,,
SKU00334020,CATERPILLAR,CAT424B,30-45 Ton,VJ131 HD+,SB131,3100,165,100,280-370,,,,
SKU00334020,CATERPILLAR,424,30-45 Ton,VJ131 HD+,SB131,3100,165,100,280-370,,,,
SKU00334020,KOBELCO,SK520XDLC-10,30-45 Ton,VJ131 HD+,SB131,3100,165,100,280-370,,,,
SKU00334020,L&T KOMATSU,PC450 LC-7,30-45 Ton,VJ131 HD+,SB131,3100,165,100,280-370,,,,
SKU00334020,HYUNDAI,480LC-9S,30-45 Ton,VJ131 HD+,SB131,3100,165,100,280-370,,,,
SKU00334020,HYUNDAI,HX 360L,30-45 Ton,VJ131 HD+,SB131,3100,165,100,280-370,,,,
SKU00334020,DOOSAN,DX360,30-45 Ton,VJ131 HD+,SB131,3100,165,100,280-370,,,,
SKU00334020,CATERPILLAR,395,30-45 Ton,VJ131 HD+,SB131,3100,165,100,280-370,,,,
SKU00334020,TATA HITACHI,ZAXIS400,30-45 Ton,VJ131 HD+,SB131,3100,165,100,280-370,,,,
SKU00334020,TATA HITACHI,ZAXIS470,30-45 Ton,VJ131 HD+,SB131,3100,165,100,280-370,,,,
SKU00334020,XCMG,XE380C,30-45 Ton,VJ131 HD+,SB131,3100,165,100,280-370,,,,
SKU00334020,CATERPILLAR,336D2L,30-45 Ton,VJ131 HD+,SB131,3100,165,100,280-370,,,,
SKU00334020,BEML,BE400,30-45 Ton,VJ131 HD+,SB131,3100,165,100,280-370,,,,
SKU00334020,BEML,D50,30-45 Ton,VJ131 HD+,SB131,3100,165,100,280-370,,,,
SKU00334020,KOBELCO,SK380-8,30-45 Ton,VJ131 HD+,SB131,3100,165,100,280-370,,,,
SKU00334020,KOBELCO,SK380-10,30-45 Ton,VJ131 HD+,SB131,3100,165,100,280-370,,,,
SKU00334020,LINGONG,CLG936D,30-45 Ton,VJ131 HD+,SB131,3100,165,100,280-370,,,,
SKU00334020,JCB,JS 380LC QUARRY,30-45 Ton,VJ131 HD+,SB131,3100,165,100,280-370,,,,
SKU00334020,SANY,SY390H,30-45 Ton,VJ131 HD+,SB131,3100,165,100,280-370,,,,
SKU00334020,SANY,SY390,30-45 Ton,VJ131 HD+,SB131,3100,165,100,280-370,,,,
SKU00334020,KOBELCO,SK380XDLC,30-45 Ton,VJ131 HD+,SB131,3100,165,100,280-370,,,,
SKU00334020,JCB,JS380LC XTRA,30-45 Ton,VJ131 HD+,SB131,3100,165,100,280-370,,,,
SKU00334020,JCB,JS380,30-45 Ton,VJ131 HD+,SB131,3100,165,100,280-370,,,,
SKU00334020,DOOSAN,S500LC-V,30-45 Ton,VJ131 HD+,SB131,3100,165,100,280-370,,,,
SKU00334020,JCB,JS360,30-45 Ton,VJ131 HD+,SB131,3100,165,100,280-370,,,,
SKU00334020,JCB,JS 460,30-45 Ton,VJ131 HD+,SB131,3100,165,100,280-370,,,,